,date,location,people_vaccinated_per_hundred
1338,2021-01-12,California,1.78
1339,2021-01-13,California,1.88
1340,2021-01-14,California,2.03
1341,2021-01-15,California,2.19
1342,2021-01-16,California,2.19
1343,2021-01-17,California,2.19
1344,2021-01-18,California,2.19
1345,2021-01-19,California,3.03
1346,2021-01-20,California,3.18
1347,2021-01-21,California,3.38
1348,2021-01-22,California,3.74
1349,2021-01-23,California,4.21
1350,2021-01-24,California,4.65
1351,2021-01-25,California,4.95
1352,2021-01-26,California,5.2
1353,2021-01-27,California,5.46
1354,2021-01-28,California,5.77
1355,2021-01-29,California,6.11
1356,2021-01-30,California,6.49
1357,2021-01-31,California,6.88
1358,2021-02-01,California,7.24
1359,2021-02-02,California,7.44
1360,2021-02-03,California,7.71
1361,2021-02-04,California,7.81
1362,2021-02-05,California,8.17
1363,2021-02-06,California,8.58
1364,2021-02-07,California,9.25
1365,2021-02-08,California,9.65
1366,2021-02-09,California,9.82
1367,2021-02-10,California,10.11
1368,2021-02-11,California,10.4
1369,2021-02-12,California,10.69
1370,2021-02-13,California,11.0
1371,2021-02-14,California,11.37
1372,2021-02-15,California,11.37
1373,2021-02-16,California,11.92
1374,2021-02-17,California,12.06
1375,2021-02-18,California,12.31
1376,2021-02-19,California,13.06
1377,2021-02-20,California,13.38
1378,2021-02-21,California,13.73
1379,2021-02-22,California,13.91
1380,2021-02-23,California,14.07
1381,2021-02-24,California,14.27
1382,2021-02-25,California,14.52
1383,2021-02-26,California,14.84
1384,2021-02-27,California,15.17
1385,2021-02-28,California,15.54
1386,2021-03-01,California,15.93
1387,2021-03-02,California,16.5
1388,2021-03-03,California,16.86
1389,2021-03-04,California,17.06
1390,2021-03-05,California,17.38
1391,2021-03-06,California,17.91
1392,2021-03-07,California,18.24
1393,2021-03-08,California,18.52
1394,2021-03-09,California,18.73
1395,2021-03-10,California,18.97
1396,2021-03-11,California,19.24
1397,2021-03-12,California,19.59
1398,2021-03-13,California,20.31
1399,2021-03-14,California,20.32
1400,2021-03-15,California,20.98
1401,2021-03-16,California,21.61
1402,2021-03-17,California,22.39
1403,2021-03-18,California,23.03
1404,2021-03-19,California,23.54
1405,2021-03-20,California,24.2
1406,2021-03-21,California,24.89
1407,2021-03-22,California,25.49
1408,2021-03-23,California,26.01
1409,2021-03-24,California,26.63
1410,2021-03-25,California,27.23
1411,2021-03-26,California,27.99
1412,2021-03-27,California,28.66
1413,2021-03-28,California,29.29
1414,2021-03-29,California,29.87
1415,2021-03-30,California,30.19
1416,2021-03-31,California,30.67
1417,2021-04-01,California,31.32
1418,2021-04-02,California,31.95
1419,2021-04-03,California,32.74
1420,2021-04-04,California,33.64
1421,2021-04-05,California,34.24
1422,2021-04-06,California,34.51
1423,2021-04-07,California,35.13
1424,2021-04-08,California,35.74
1425,2021-04-09,California,36.56
1426,2021-04-10,California,37.47
1427,2021-04-11,California,38.28
1428,2021-04-12,California,38.78
1429,2021-04-13,California,39.11
1430,2021-04-14,California,39.98
1431,2021-04-15,California,40.81
1432,2021-04-16,California,41.7
1433,2021-04-17,California,42.45
1434,2021-04-18,California,43.22
1435,2021-04-19,California,43.72
1436,2021-04-20,California,44.08
1437,2021-04-21,California,44.49
1438,2021-04-22,California,44.99
1439,2021-04-23,California,45.42
1440,2021-04-24,California,46.09
1441,2021-04-25,California,46.79
1442,2021-04-26,California,47.25
1443,2021-04-27,California,47.55
1444,2021-04-28,California,47.87
1445,2021-04-29,California,48.22
1446,2021-04-30,California,48.54
1447,2021-05-01,California,49.21
1448,2021-05-02,California,49.59
1449,2021-05-03,California,49.79
1450,2021-05-04,California,49.89
1451,2021-05-05,California,50.08
1452,2021-05-06,California,50.4
1453,2021-05-07,California,50.74
1454,2021-05-08,California,51.05
1455,2021-05-09,California,51.34
1456,2021-05-10,California,51.61
1457,2021-05-11,California,51.8
1458,2021-05-12,California,51.97
1459,2021-05-13,California,52.2
1460,2021-05-14,California,52.38
1461,2021-05-15,California,52.74
1462,2021-05-16,California,53.14
1463,2021-05-17,California,53.38
1464,2021-05-18,California,53.57
1465,2021-05-19,California,53.84
1466,2021-05-20,California,54.14
1467,2021-05-21,California,54.49
1468,2021-05-22,California,54.89
1469,2021-05-23,California,55.22
1470,2021-05-24,California,55.42
1471,2021-05-25,California,55.56
1472,2021-05-26,California,55.73
1473,2021-05-27,California,55.95
1474,2021-05-28,California,56.2
1475,2021-05-29,California,56.43
1476,2021-05-30,California,56.66
1477,2021-05-31,California,56.66
1478,2021-06-01,California,56.95
1479,2021-06-02,California,57.01
1480,2021-06-03,California,57.13
1481,2021-06-04,California,57.4
1482,2021-06-05,California,57.74
1483,2021-06-06,California,57.94
1484,2021-06-07,California,58.1
1485,2021-06-08,California,58.18
1486,2021-06-09,California,58.31
1487,2021-06-10,California,58.31
1488,2021-06-11,California,58.5
1489,2021-06-12,California,58.75
1490,2021-06-13,California,58.9
1491,2021-06-14,California,59.03
1492,2021-06-15,California,59.15
1493,2021-06-16,California,59.36
1494,2021-06-17,California,59.52
1495,2021-06-18,California,59.68
1496,2021-06-19,California,59.87
1497,2021-06-20,California,60.02
1498,2021-06-21,California,60.14
1499,2021-06-22,California,60.2
1500,2021-06-23,California,60.32
1501,2021-06-24,California,60.47
1502,2021-06-25,California,60.65
1503,2021-06-26,California,60.78
1504,2021-06-27,California,60.95
1505,2021-06-28,California,61.08
1506,2021-06-29,California,61.18
1507,2021-06-30,California,61.35
1508,2021-07-01,California,61.51
1509,2021-07-02,California,61.65
1510,2021-07-03,California,61.78
1511,2021-07-04,California,61.92
1512,2021-07-05,California,61.92
1513,2021-07-06,California,62.05
1514,2021-07-07,California,62.09
1515,2021-07-08,California,62.2
1516,2021-07-09,California,62.36
1517,2021-07-10,California,62.46
1518,2021-07-11,California,62.59
1519,2021-07-12,California,62.66
1520,2021-07-13,California,62.7
1521,2021-07-14,California,62.79
1522,2021-07-15,California,62.93
1523,2021-07-16,California,63.05
1524,2021-07-17,California,63.16
1525,2021-07-18,California,63.28
1526,2021-07-19,California,63.38
1527,2021-07-20,California,63.39
1528,2021-07-21,California,63.5
1529,2021-07-22,California,63.62
1530,2021-07-23,California,63.76
1531,2021-07-24,California,63.89
1532,2021-07-25,California,64.06
1533,2021-07-26,California,64.15
1534,2021-07-27,California,64.21
1535,2021-07-28,California,64.34
1536,2021-07-29,California,64.48
1537,2021-07-30,California,64.66
1538,2021-07-31,California,64.82
1539,2021-08-01,California,65.0
1540,2021-08-02,California,65.11
1541,2021-08-03,California,65.18
1542,2021-08-04,California,65.32
1543,2021-08-05,California,65.48
1544,2021-08-06,California,65.64
1545,2021-08-07,California,65.8
1546,2021-08-08,California,65.98
1547,2021-08-09,California,66.09
1548,2021-08-10,California,66.16
1549,2021-08-11,California,66.29
1550,2021-08-12,California,66.41
1551,2021-08-13,California,66.6
1552,2021-08-14,California,66.74
1553,2021-08-15,California,66.88
1554,2021-08-16,California,67.06
1555,2021-08-17,California,67.13
1556,2021-08-18,California,67.25
1557,2021-08-19,California,67.39
1558,2021-08-20,California,67.54
1559,2021-08-21,California,67.67
1560,2021-08-22,California,67.83
2899,2021-01-12,Florida,2.73
2900,2021-01-13,Florida,3.01
2901,2021-01-14,Florida,3.3
2902,2021-01-15,Florida,3.62
2903,2021-01-16,Florida,3.62
2904,2021-01-17,Florida,3.62
2905,2021-01-18,Florida,3.62
2906,2021-01-19,Florida,4.98
2907,2021-01-20,Florida,5.24
2908,2021-01-21,Florida,5.24
2909,2021-01-22,Florida,5.53
2910,2021-01-23,Florida,6.21
2911,2021-01-24,Florida,6.45
2912,2021-01-25,Florida,6.45
2913,2021-01-26,Florida,6.58
2914,2021-01-27,Florida,6.76
2915,2021-01-28,Florida,6.97
2916,2021-01-29,Florida,7.24
2917,2021-01-30,Florida,7.5
2918,2021-01-31,Florida,7.71
2919,2021-02-01,Florida,7.84
2920,2021-02-02,Florida,7.97
2921,2021-02-03,Florida,8.16
2922,2021-02-04,Florida,8.35
2923,2021-02-05,Florida,8.44
2924,2021-02-06,Florida,8.68
2925,2021-02-07,Florida,9.15
2926,2021-02-08,Florida,9.15
2927,2021-02-09,Florida,9.42
2928,2021-02-10,Florida,9.61
2929,2021-02-11,Florida,9.86
2930,2021-02-12,Florida,10.41
2931,2021-02-13,Florida,10.73
2932,2021-02-14,Florida,11.02
2933,2021-02-15,Florida,11.02
2934,2021-02-16,Florida,11.37
2935,2021-02-17,Florida,11.63
2936,2021-02-18,Florida,11.93
2937,2021-02-19,Florida,13.0
2938,2021-02-20,Florida,13.02
2939,2021-02-21,Florida,13.4
2940,2021-02-22,Florida,13.15
2941,2021-02-23,Florida,13.17
2942,2021-02-24,Florida,13.42
2943,2021-02-25,Florida,13.63
2944,2021-02-26,Florida,13.86
2945,2021-02-27,Florida,14.15
2946,2021-02-28,Florida,14.73
2947,2021-03-01,Florida,14.74
2948,2021-03-02,Florida,14.82
2949,2021-03-03,Florida,15.07
2950,2021-03-04,Florida,15.5
2951,2021-03-05,Florida,15.91
2952,2021-03-06,Florida,16.64
2953,2021-03-07,Florida,17.29
2954,2021-03-08,Florida,17.31
2955,2021-03-09,Florida,17.51
2956,2021-03-10,Florida,17.85
2957,2021-03-11,Florida,18.45
2958,2021-03-12,Florida,18.98
2959,2021-03-13,Florida,20.14
2960,2021-03-14,Florida,20.43
2961,2021-03-15,Florida,20.43
2962,2021-03-16,Florida,20.66
2963,2021-03-17,Florida,21.07
2964,2021-03-18,Florida,21.66
2965,2021-03-19,Florida,22.16
2966,2021-03-20,Florida,23.11
2967,2021-03-21,Florida,23.77
2968,2021-03-22,Florida,23.79
2969,2021-03-23,Florida,23.99
2970,2021-03-24,Florida,24.47
2971,2021-03-25,Florida,25.16
2972,2021-03-26,Florida,25.82
2973,2021-03-27,Florida,26.43
2974,2021-03-28,Florida,27.18
2975,2021-03-29,Florida,27.2
2976,2021-03-30,Florida,27.55
2977,2021-03-31,Florida,27.96
2978,2021-04-01,Florida,28.48
2979,2021-04-02,Florida,29.01
2980,2021-04-03,Florida,29.54
2981,2021-04-04,Florida,30.51
2982,2021-04-05,Florida,30.52
2983,2021-04-06,Florida,30.78
2984,2021-04-07,Florida,31.16
2985,2021-04-08,Florida,32.07
2986,2021-04-09,Florida,32.8
2987,2021-04-10,Florida,33.54
2988,2021-04-11,Florida,34.3
2989,2021-04-12,Florida,34.81
2990,2021-04-13,Florida,35.17
2991,2021-04-14,Florida,35.54
2992,2021-04-15,Florida,36.17
2993,2021-04-16,Florida,36.71
2994,2021-04-17,Florida,37.29
2995,2021-04-18,Florida,38.18
2996,2021-04-19,Florida,38.19
2997,2021-04-20,Florida,38.44
2998,2021-04-21,Florida,38.79
2999,2021-04-22,Florida,39.19
3000,2021-04-23,Florida,39.56
3001,2021-04-24,Florida,39.86
3002,2021-04-25,Florida,40.22
3003,2021-04-26,Florida,40.54
3004,2021-04-27,Florida,40.77
3005,2021-04-28,Florida,41.06
3006,2021-04-29,Florida,41.34
3007,2021-04-30,Florida,41.62
3008,2021-05-01,Florida,42.3
3009,2021-05-02,Florida,42.31
3010,2021-05-03,Florida,42.45
3011,2021-05-04,Florida,42.55
3012,2021-05-05,Florida,42.76
3013,2021-05-06,Florida,43.14
3014,2021-05-07,Florida,43.45
3015,2021-05-08,Florida,43.78
3016,2021-05-09,Florida,44.05
3017,2021-05-10,Florida,44.34
3018,2021-05-11,Florida,44.55
3019,2021-05-12,Florida,44.74
3020,2021-05-13,Florida,44.96
3021,2021-05-14,Florida,45.15
3022,2021-05-15,Florida,45.67
3023,2021-05-16,Florida,45.68
3024,2021-05-17,Florida,45.9
3025,2021-05-18,Florida,46.07
3026,2021-05-19,Florida,46.26
3027,2021-05-20,Florida,46.62
3028,2021-05-21,Florida,46.93
3029,2021-05-22,Florida,47.4
3030,2021-05-23,Florida,47.63
3031,2021-05-24,Florida,47.82
3032,2021-05-25,Florida,47.96
3033,2021-05-26,Florida,48.15
3034,2021-05-27,Florida,48.38
3035,2021-05-28,Florida,48.6
3036,2021-05-29,Florida,48.8
3037,2021-05-30,Florida,49.0
3038,2021-05-31,Florida,49.0
3039,2021-06-01,Florida,49.3
3040,2021-06-02,Florida,49.41
3041,2021-06-03,Florida,49.52
3042,2021-06-04,Florida,49.67
3043,2021-06-05,Florida,49.9
3044,2021-06-06,Florida,50.08
3045,2021-06-07,Florida,50.25
3046,2021-06-08,Florida,50.39
3047,2021-06-09,Florida,50.56
3048,2021-06-10,Florida,50.75
3049,2021-06-11,Florida,50.75
3050,2021-06-12,Florida,51.03
3051,2021-06-13,Florida,51.22
3052,2021-06-14,Florida,51.46
3053,2021-06-15,Florida,51.61
3054,2021-06-16,Florida,51.62
3055,2021-06-17,Florida,51.98
3056,2021-06-18,Florida,52.12
3057,2021-06-19,Florida,52.3
3058,2021-06-20,Florida,52.54
3059,2021-06-21,Florida,52.54
3060,2021-06-22,Florida,52.63
3061,2021-06-23,Florida,52.72
3062,2021-06-24,Florida,52.85
3063,2021-06-25,Florida,53.01
3064,2021-06-26,Florida,53.15
3065,2021-06-27,Florida,53.16
3066,2021-06-28,Florida,53.44
3067,2021-06-29,Florida,53.52
3068,2021-06-30,Florida,53.64
3069,2021-07-01,Florida,53.76
3070,2021-07-02,Florida,53.88
3071,2021-07-03,Florida,53.99
3072,2021-07-04,Florida,54.21
3073,2021-07-05,Florida,54.21
3074,2021-07-06,Florida,54.29
3075,2021-07-07,Florida,54.33
3076,2021-07-08,Florida,54.44
3077,2021-07-09,Florida,54.56
3078,2021-07-10,Florida,54.67
3079,2021-07-11,Florida,54.77
3080,2021-07-12,Florida,54.88
3081,2021-07-13,Florida,54.97
3082,2021-07-14,Florida,55.06
3083,2021-07-15,Florida,55.17
3084,2021-07-16,Florida,55.18
3085,2021-07-17,Florida,55.42
3086,2021-07-18,Florida,55.53
3087,2021-07-19,Florida,55.65
3088,2021-07-20,Florida,55.75
3089,2021-07-21,Florida,55.87
3090,2021-07-22,Florida,56.02
3091,2021-07-23,Florida,56.17
3092,2021-07-24,Florida,56.29
3093,2021-07-25,Florida,56.7
3094,2021-07-26,Florida,56.7
3095,2021-07-27,Florida,56.85
3096,2021-07-28,Florida,57.03
3097,2021-07-29,Florida,57.25
3098,2021-07-30,Florida,57.48
3099,2021-07-31,Florida,57.7
3100,2021-08-01,Florida,57.96
3101,2021-08-02,Florida,58.19
3102,2021-08-03,Florida,58.38
3103,2021-08-04,Florida,58.58
3104,2021-08-05,Florida,58.84
3105,2021-08-06,Florida,59.11
3106,2021-08-07,Florida,59.38
3107,2021-08-08,Florida,59.63
3108,2021-08-09,Florida,59.86
3109,2021-08-10,Florida,60.03
3110,2021-08-11,Florida,60.22
3111,2021-08-12,Florida,60.37
3112,2021-08-13,Florida,60.63
3113,2021-08-14,Florida,60.91
3114,2021-08-15,Florida,61.15
3115,2021-08-16,Florida,61.34
3116,2021-08-17,Florida,61.5
3117,2021-08-18,Florida,61.66
3118,2021-08-19,Florida,61.85
3119,2021-08-20,Florida,62.06
3120,2021-08-21,Florida,62.25
3121,2021-08-22,Florida,62.58
4014,2021-01-12,Illinois,2.24
4015,2021-01-13,Illinois,2.3
4016,2021-01-14,Illinois,2.5
4017,2021-01-15,Illinois,2.7
4018,2021-01-16,Illinois,2.7
4019,2021-01-17,Illinois,2.7
4020,2021-01-18,Illinois,2.7
4021,2021-01-19,Illinois,3.27
4022,2021-01-20,Illinois,3.36
4023,2021-01-21,Illinois,3.57
4024,2021-01-22,Illinois,3.79
4025,2021-01-23,Illinois,4.09
4026,2021-01-24,Illinois,4.39
4027,2021-01-25,Illinois,4.56
4028,2021-01-26,Illinois,4.66
4029,2021-01-27,Illinois,4.82
4030,2021-01-28,Illinois,5.08
4031,2021-01-29,Illinois,5.41
4032,2021-01-30,Illinois,5.78
4033,2021-01-31,Illinois,6.17
4034,2021-02-01,Illinois,6.45
4035,2021-02-02,Illinois,6.56
4036,2021-02-03,Illinois,6.78
4037,2021-02-04,Illinois,7.15
4038,2021-02-05,Illinois,7.59
4039,2021-02-06,Illinois,8.12
4040,2021-02-07,Illinois,8.57
4041,2021-02-08,Illinois,8.93
4042,2021-02-09,Illinois,9.06
4043,2021-02-10,Illinois,9.45
4044,2021-02-11,Illinois,9.81
4045,2021-02-12,Illinois,10.22
4046,2021-02-13,Illinois,10.77
4047,2021-02-14,Illinois,11.22
4048,2021-02-15,Illinois,11.22
4049,2021-02-16,Illinois,11.83
4050,2021-02-17,Illinois,12.09
4051,2021-02-18,Illinois,12.29
4052,2021-02-19,Illinois,13.0
4053,2021-02-20,Illinois,13.4
4054,2021-02-21,Illinois,13.75
4055,2021-02-22,Illinois,13.94
4056,2021-02-23,Illinois,14.22
4057,2021-02-24,Illinois,14.42
4058,2021-02-25,Illinois,14.65
4059,2021-02-26,Illinois,15.18
4060,2021-02-27,Illinois,15.5
4061,2021-02-28,Illinois,15.82
4062,2021-03-01,Illinois,16.14
4063,2021-03-02,Illinois,16.39
4064,2021-03-03,Illinois,16.65
4065,2021-03-04,Illinois,17.0
4066,2021-03-05,Illinois,17.4
4067,2021-03-06,Illinois,17.95
4068,2021-03-07,Illinois,18.52
4069,2021-03-08,Illinois,18.93
4070,2021-03-09,Illinois,19.06
4071,2021-03-10,Illinois,19.35
4072,2021-03-11,Illinois,19.83
4073,2021-03-12,Illinois,20.55
4074,2021-03-13,Illinois,21.74
4075,2021-03-14,Illinois,21.74
4076,2021-03-15,Illinois,22.19
4077,2021-03-16,Illinois,22.54
4078,2021-03-17,Illinois,22.96
4079,2021-03-18,Illinois,23.54
4080,2021-03-19,Illinois,24.03
4081,2021-03-20,Illinois,24.84
4082,2021-03-21,Illinois,25.58
4083,2021-03-22,Illinois,26.1
4084,2021-03-23,Illinois,26.37
4085,2021-03-24,Illinois,26.83
4086,2021-03-25,Illinois,27.47
4087,2021-03-26,Illinois,28.23
4088,2021-03-27,Illinois,28.97
4089,2021-03-28,Illinois,29.7
4090,2021-03-29,Illinois,30.24
4091,2021-03-30,Illinois,30.51
4092,2021-03-31,Illinois,31.01
4093,2021-04-01,Illinois,31.76
4094,2021-04-02,Illinois,32.43
4095,2021-04-03,Illinois,33.21
4096,2021-04-04,Illinois,33.96
4097,2021-04-05,Illinois,34.49
4098,2021-04-06,Illinois,34.61
4099,2021-04-07,Illinois,35.05
4100,2021-04-08,Illinois,35.75
4101,2021-04-09,Illinois,36.56
4102,2021-04-10,Illinois,37.35
4103,2021-04-11,Illinois,38.09
4104,2021-04-12,Illinois,38.75
4105,2021-04-13,Illinois,39.08
4106,2021-04-14,Illinois,39.17
4107,2021-04-15,Illinois,39.78
4108,2021-04-16,Illinois,40.36
4109,2021-04-17,Illinois,41.06
4110,2021-04-18,Illinois,41.7
4111,2021-04-19,Illinois,42.18
4112,2021-04-20,Illinois,42.44
4113,2021-04-21,Illinois,42.73
4114,2021-04-22,Illinois,43.3
4115,2021-04-23,Illinois,43.81
4116,2021-04-24,Illinois,44.34
4117,2021-04-25,Illinois,44.82
4118,2021-04-26,Illinois,45.11
4119,2021-04-27,Illinois,45.36
4120,2021-04-28,Illinois,45.68
4121,2021-04-29,Illinois,46.06
4122,2021-04-30,Illinois,46.43
4123,2021-05-01,Illinois,46.87
4124,2021-05-02,Illinois,47.19
4125,2021-05-03,Illinois,47.37
4126,2021-05-04,Illinois,47.45
4127,2021-05-05,Illinois,47.6
4128,2021-05-06,Illinois,47.93
4129,2021-05-07,Illinois,48.23
4130,2021-05-08,Illinois,48.49
4131,2021-05-09,Illinois,48.8
4132,2021-05-10,Illinois,49.09
4133,2021-05-11,Illinois,49.33
4134,2021-05-12,Illinois,49.53
4135,2021-05-13,Illinois,49.75
4136,2021-05-14,Illinois,49.95
4137,2021-05-15,Illinois,50.23
4138,2021-05-16,Illinois,50.69
4139,2021-05-17,Illinois,50.98
4140,2021-05-18,Illinois,51.13
4141,2021-05-19,Illinois,51.29
4142,2021-05-20,Illinois,51.7
4143,2021-05-21,Illinois,52.11
4144,2021-05-22,Illinois,52.71
4145,2021-05-23,Illinois,53.03
4146,2021-05-24,Illinois,53.32
4147,2021-05-25,Illinois,53.51
4148,2021-05-26,Illinois,53.74
4149,2021-05-27,Illinois,54.01
4150,2021-05-28,Illinois,54.02
4151,2021-05-29,Illinois,54.61
4152,2021-05-30,Illinois,54.84
4153,2021-05-31,Illinois,54.84
4154,2021-06-01,Illinois,55.14
4155,2021-06-02,Illinois,55.22
4156,2021-06-03,Illinois,55.33
4157,2021-06-04,Illinois,55.49
4158,2021-06-05,Illinois,55.72
4159,2021-06-06,Illinois,55.73
4160,2021-06-07,Illinois,56.12
4161,2021-06-08,Illinois,56.24
4162,2021-06-09,Illinois,56.4
4163,2021-06-10,Illinois,56.58
4164,2021-06-11,Illinois,56.59
4165,2021-06-12,Illinois,56.82
4166,2021-06-13,Illinois,56.96
4167,2021-06-14,Illinois,57.19
4168,2021-06-15,Illinois,57.34
4169,2021-06-16,Illinois,57.34
4170,2021-06-17,Illinois,57.76
4171,2021-06-18,Illinois,57.9
4172,2021-06-19,Illinois,58.09
4173,2021-06-20,Illinois,58.17
4174,2021-06-21,Illinois,58.32
4175,2021-06-22,Illinois,58.38
4176,2021-06-23,Illinois,58.47
4177,2021-06-24,Illinois,58.59
4178,2021-06-25,Illinois,58.71
4179,2021-06-26,Illinois,58.85
4180,2021-06-27,Illinois,59.06
4181,2021-06-28,Illinois,59.28
4182,2021-06-29,Illinois,59.31
4183,2021-06-30,Illinois,59.41
4184,2021-07-01,Illinois,59.53
4185,2021-07-02,Illinois,59.64
4186,2021-07-03,Illinois,59.75
4187,2021-07-04,Illinois,59.86
4188,2021-07-05,Illinois,59.86
4189,2021-07-06,Illinois,59.98
4190,2021-07-07,Illinois,59.99
4191,2021-07-08,Illinois,60.04
4192,2021-07-09,Illinois,60.13
4193,2021-07-10,Illinois,60.23
4194,2021-07-11,Illinois,60.33
4195,2021-07-12,Illinois,60.41
4196,2021-07-13,Illinois,60.47
4197,2021-07-14,Illinois,60.59
4198,2021-07-15,Illinois,60.69
4199,2021-07-16,Illinois,60.79
4200,2021-07-17,Illinois,60.88
4201,2021-07-18,Illinois,60.98
4202,2021-07-19,Illinois,61.07
4203,2021-07-20,Illinois,61.13
4204,2021-07-21,Illinois,61.21
4205,2021-07-22,Illinois,61.33
4206,2021-07-23,Illinois,61.45
4207,2021-07-24,Illinois,61.54
4208,2021-07-25,Illinois,61.65
4209,2021-07-26,Illinois,61.72
4210,2021-07-27,Illinois,61.76
4211,2021-07-28,Illinois,61.85
4212,2021-07-29,Illinois,61.98
4213,2021-07-30,Illinois,62.22
4214,2021-07-31,Illinois,62.35
4215,2021-08-01,Illinois,62.53
4216,2021-08-02,Illinois,62.64
4217,2021-08-03,Illinois,62.71
4218,2021-08-04,Illinois,62.81
4219,2021-08-05,Illinois,62.95
4220,2021-08-06,Illinois,63.09
4221,2021-08-07,Illinois,63.22
4222,2021-08-08,Illinois,63.36
4223,2021-08-09,Illinois,63.5
4224,2021-08-10,Illinois,63.58
4225,2021-08-11,Illinois,63.67
4226,2021-08-12,Illinois,63.76
4227,2021-08-13,Illinois,63.93
4228,2021-08-14,Illinois,64.07
4229,2021-08-15,Illinois,64.25
4230,2021-08-16,Illinois,64.37
4231,2021-08-17,Illinois,64.45
4232,2021-08-18,Illinois,64.54
4233,2021-08-19,Illinois,64.66
4234,2021-08-20,Illinois,64.78
4235,2021-08-21,Illinois,64.89
4236,2021-08-22,Illinois,64.99
6690,2021-01-12,Michigan,2.08
6691,2021-01-13,Michigan,2.59
6692,2021-01-14,Michigan,2.87
6693,2021-01-15,Michigan,3.13
6694,2021-01-16,Michigan,3.13
6695,2021-01-17,Michigan,3.13
6696,2021-01-18,Michigan,3.13
6697,2021-01-19,Michigan,4.18
6698,2021-01-20,Michigan,4.35
6699,2021-01-21,Michigan,4.65
6700,2021-01-22,Michigan,4.99
6701,2021-01-23,Michigan,5.37
6702,2021-01-24,Michigan,5.74
6703,2021-01-25,Michigan,6.0
6704,2021-01-26,Michigan,6.12
6705,2021-01-27,Michigan,6.3
6706,2021-01-28,Michigan,6.6
6707,2021-01-29,Michigan,6.96
6708,2021-01-30,Michigan,7.36
6709,2021-01-31,Michigan,7.74
6710,2021-02-01,Michigan,7.95
6711,2021-02-02,Michigan,8.03
6712,2021-02-03,Michigan,8.15
6713,2021-02-04,Michigan,8.37
6714,2021-02-05,Michigan,8.68
6715,2021-02-06,Michigan,8.97
6716,2021-02-07,Michigan,9.26
6717,2021-02-08,Michigan,9.4
6718,2021-02-09,Michigan,9.52
6719,2021-02-10,Michigan,9.73
6720,2021-02-11,Michigan,9.99
6721,2021-02-12,Michigan,10.24
6722,2021-02-13,Michigan,10.63
6723,2021-02-14,Michigan,10.98
6724,2021-02-15,Michigan,10.98
6725,2021-02-16,Michigan,11.26
6726,2021-02-17,Michigan,11.38
6727,2021-02-18,Michigan,11.57
6728,2021-02-19,Michigan,12.25
6729,2021-02-20,Michigan,12.49
6730,2021-02-21,Michigan,12.69
6731,2021-02-22,Michigan,13.06
6732,2021-02-23,Michigan,13.13
6733,2021-02-24,Michigan,13.43
6734,2021-02-25,Michigan,13.66
6735,2021-02-26,Michigan,14.01
6736,2021-02-27,Michigan,14.46
6737,2021-02-28,Michigan,14.93
6738,2021-03-01,Michigan,15.16
6739,2021-03-02,Michigan,15.39
6740,2021-03-03,Michigan,15.64
6741,2021-03-04,Michigan,15.93
6742,2021-03-05,Michigan,16.46
6743,2021-03-06,Michigan,17.05
6744,2021-03-07,Michigan,17.61
6745,2021-03-08,Michigan,17.92
6746,2021-03-09,Michigan,18.08
6747,2021-03-10,Michigan,18.37
6748,2021-03-11,Michigan,18.83
6749,2021-03-12,Michigan,19.39
6750,2021-03-13,Michigan,20.04
6751,2021-03-14,Michigan,20.56
6752,2021-03-15,Michigan,20.59
6753,2021-03-16,Michigan,21.09
6754,2021-03-17,Michigan,21.56
6755,2021-03-18,Michigan,22.19
6756,2021-03-19,Michigan,22.75
6757,2021-03-20,Michigan,23.42
6758,2021-03-21,Michigan,24.02
6759,2021-03-22,Michigan,24.46
6760,2021-03-23,Michigan,24.67
6761,2021-03-24,Michigan,25.12
6762,2021-03-25,Michigan,25.64
6763,2021-03-26,Michigan,26.2
6764,2021-03-27,Michigan,26.77
6765,2021-03-28,Michigan,27.29
6766,2021-03-29,Michigan,27.83
6767,2021-03-30,Michigan,28.05
6768,2021-03-31,Michigan,28.62
6769,2021-04-01,Michigan,29.19
6770,2021-04-02,Michigan,29.82
6771,2021-04-03,Michigan,30.49
6772,2021-04-04,Michigan,31.05
6773,2021-04-05,Michigan,31.43
6774,2021-04-06,Michigan,31.59
6775,2021-04-07,Michigan,32.04
6776,2021-04-08,Michigan,32.64
6777,2021-04-09,Michigan,33.31
6778,2021-04-10,Michigan,34.23
6779,2021-04-11,Michigan,34.96
6780,2021-04-12,Michigan,35.48
6781,2021-04-13,Michigan,35.7
6782,2021-04-14,Michigan,36.14
6783,2021-04-15,Michigan,36.75
6784,2021-04-16,Michigan,37.43
6785,2021-04-17,Michigan,38.08
6786,2021-04-18,Michigan,38.65
6787,2021-04-19,Michigan,38.84
6788,2021-04-20,Michigan,38.98
6789,2021-04-21,Michigan,39.35
6790,2021-04-22,Michigan,39.83
6791,2021-04-23,Michigan,40.34
6792,2021-04-24,Michigan,40.79
6793,2021-04-25,Michigan,41.2
6794,2021-04-26,Michigan,41.48
6795,2021-04-27,Michigan,41.61
6796,2021-04-28,Michigan,41.93
6797,2021-04-29,Michigan,42.24
6798,2021-04-30,Michigan,42.59
6799,2021-05-01,Michigan,42.91
6800,2021-05-02,Michigan,43.15
6801,2021-05-03,Michigan,43.25
6802,2021-05-04,Michigan,43.28
6803,2021-05-05,Michigan,43.46
6804,2021-05-06,Michigan,43.71
6805,2021-05-07,Michigan,43.99
6806,2021-05-08,Michigan,44.21
6807,2021-05-09,Michigan,44.44
6808,2021-05-10,Michigan,44.61
6809,2021-05-11,Michigan,44.8
6810,2021-05-12,Michigan,44.94
6811,2021-05-13,Michigan,45.11
6812,2021-05-14,Michigan,45.27
6813,2021-05-15,Michigan,45.52
6814,2021-05-16,Michigan,45.81
6815,2021-05-17,Michigan,45.99
6816,2021-05-18,Michigan,46.13
6817,2021-05-19,Michigan,46.35
6818,2021-05-20,Michigan,46.65
6819,2021-05-21,Michigan,46.93
6820,2021-05-22,Michigan,47.33
6821,2021-05-23,Michigan,47.57
6822,2021-05-24,Michigan,47.74
6823,2021-05-25,Michigan,47.83
6824,2021-05-26,Michigan,47.83
6825,2021-05-27,Michigan,48.2
6826,2021-05-28,Michigan,48.38
6827,2021-05-29,Michigan,48.57
6828,2021-05-30,Michigan,48.73
6829,2021-05-31,Michigan,48.73
6830,2021-06-01,Michigan,48.89
6831,2021-06-02,Michigan,48.92
6832,2021-06-03,Michigan,49.0
6833,2021-06-04,Michigan,49.13
6834,2021-06-05,Michigan,49.14
6835,2021-06-06,Michigan,49.3
6836,2021-06-07,Michigan,49.43
6837,2021-06-08,Michigan,49.56
6838,2021-06-09,Michigan,49.65
6839,2021-06-10,Michigan,49.78
6840,2021-06-11,Michigan,49.78
6841,2021-06-12,Michigan,49.93
6842,2021-06-13,Michigan,50.08
6843,2021-06-14,Michigan,50.21
6844,2021-06-15,Michigan,50.31
6845,2021-06-16,Michigan,50.31
6846,2021-06-17,Michigan,50.54
6847,2021-06-18,Michigan,50.55
6848,2021-06-19,Michigan,50.74
6849,2021-06-20,Michigan,50.74
6850,2021-06-21,Michigan,50.88
6851,2021-06-22,Michigan,50.91
6852,2021-06-23,Michigan,50.97
6853,2021-06-24,Michigan,51.04
6854,2021-06-25,Michigan,51.12
6855,2021-06-26,Michigan,51.2
6856,2021-06-27,Michigan,51.21
6857,2021-06-28,Michigan,51.21
6858,2021-06-29,Michigan,51.37
6859,2021-06-30,Michigan,51.43
6860,2021-07-01,Michigan,51.5
6861,2021-07-02,Michigan,51.56
6862,2021-07-03,Michigan,51.59
6863,2021-07-04,Michigan,51.62
6864,2021-07-05,Michigan,51.62
6865,2021-07-06,Michigan,51.62
6866,2021-07-07,Michigan,51.63
6867,2021-07-08,Michigan,51.74
6868,2021-07-09,Michigan,51.87
6869,2021-07-10,Michigan,51.95
6870,2021-07-11,Michigan,52.01
6871,2021-07-12,Michigan,52.06
6872,2021-07-13,Michigan,52.08
6873,2021-07-14,Michigan,52.13
6874,2021-07-15,Michigan,52.18
6875,2021-07-16,Michigan,52.19
6876,2021-07-17,Michigan,52.3
6877,2021-07-18,Michigan,52.3
6878,2021-07-19,Michigan,52.3
6879,2021-07-20,Michigan,52.44
6880,2021-07-21,Michigan,52.49
6881,2021-07-22,Michigan,52.56
6882,2021-07-23,Michigan,52.63
6883,2021-07-24,Michigan,52.7
6884,2021-07-25,Michigan,52.77
6885,2021-07-26,Michigan,52.81
6886,2021-07-27,Michigan,52.84
6887,2021-07-28,Michigan,52.9
6888,2021-07-29,Michigan,52.98
6889,2021-07-30,Michigan,53.04
6890,2021-07-31,Michigan,53.12
6891,2021-08-01,Michigan,53.21
6892,2021-08-02,Michigan,53.22
6893,2021-08-03,Michigan,53.31
6894,2021-08-04,Michigan,53.38
6895,2021-08-05,Michigan,53.47
6896,2021-08-06,Michigan,53.57
6897,2021-08-07,Michigan,53.65
6898,2021-08-08,Michigan,53.74
6899,2021-08-09,Michigan,53.74
6900,2021-08-10,Michigan,53.84
6901,2021-08-11,Michigan,53.91
6902,2021-08-12,Michigan,53.98
6903,2021-08-13,Michigan,54.07
6904,2021-08-14,Michigan,54.15
6905,2021-08-15,Michigan,54.23
6906,2021-08-16,Michigan,54.28
6907,2021-08-17,Michigan,54.31
6908,2021-08-18,Michigan,54.37
6909,2021-08-19,Michigan,54.45
6910,2021-08-20,Michigan,54.52
6911,2021-08-21,Michigan,54.6
6912,2021-08-22,Michigan,54.69
8474,2021-01-12,New Jersey,2.33
8475,2021-01-13,New Jersey,2.66
8476,2021-01-14,New Jersey,2.65
8477,2021-01-15,New Jersey,3.14
8478,2021-01-16,New Jersey,3.14
8479,2021-01-17,New Jersey,3.14
8480,2021-01-18,New Jersey,3.14
8481,2021-01-19,New Jersey,3.99
8482,2021-01-20,New Jersey,4.29
8483,2021-01-21,New Jersey,4.29
8484,2021-01-22,New Jersey,4.58
8485,2021-01-23,New Jersey,4.93
8486,2021-01-24,New Jersey,5.28
8487,2021-01-25,New Jersey,5.54
8488,2021-01-26,New Jersey,5.65
8489,2021-01-27,New Jersey,5.97
8490,2021-01-28,New Jersey,6.28
8491,2021-01-29,New Jersey,6.94
8492,2021-01-30,New Jersey,7.31
8493,2021-01-31,New Jersey,7.54
8494,2021-02-01,New Jersey,7.66
8495,2021-02-02,New Jersey,7.85
8496,2021-02-03,New Jersey,7.93
8497,2021-02-04,New Jersey,7.93
8498,2021-02-05,New Jersey,8.16
8499,2021-02-06,New Jersey,8.91
8500,2021-02-07,New Jersey,9.15
8501,2021-02-08,New Jersey,9.26
8502,2021-02-09,New Jersey,9.58
8503,2021-02-10,New Jersey,9.95
8504,2021-02-11,New Jersey,10.26
8505,2021-02-12,New Jersey,10.6
8506,2021-02-13,New Jersey,10.93
8507,2021-02-14,New Jersey,11.18
8508,2021-02-15,New Jersey,11.18
8509,2021-02-16,New Jersey,11.69
8510,2021-02-17,New Jersey,12.02
8511,2021-02-18,New Jersey,12.42
8512,2021-02-19,New Jersey,12.83
8513,2021-02-20,New Jersey,13.03
8514,2021-02-21,New Jersey,13.2
8515,2021-02-22,New Jersey,13.89
8516,2021-02-23,New Jersey,14.14
8517,2021-02-24,New Jersey,14.4
8518,2021-02-25,New Jersey,14.75
8519,2021-02-26,New Jersey,15.18
8520,2021-02-27,New Jersey,15.6
8521,2021-02-28,New Jersey,16.03
8522,2021-03-01,New Jersey,16.31
8523,2021-03-02,New Jersey,17.02
8524,2021-03-03,New Jersey,17.51
8525,2021-03-04,New Jersey,18.12
8526,2021-03-05,New Jersey,18.7
8527,2021-03-06,New Jersey,19.28
8528,2021-03-07,New Jersey,19.69
8529,2021-03-08,New Jersey,19.99
8530,2021-03-09,New Jersey,20.51
8531,2021-03-10,New Jersey,21.07
8532,2021-03-11,New Jersey,22.05
8533,2021-03-12,New Jersey,22.72
8534,2021-03-13,New Jersey,23.54
8535,2021-03-14,New Jersey,23.94
8536,2021-03-15,New Jersey,24.31
8537,2021-03-16,New Jersey,24.76
8538,2021-03-17,New Jersey,25.35
8539,2021-03-18,New Jersey,26.04
8540,2021-03-19,New Jersey,26.71
8541,2021-03-20,New Jersey,27.36
8542,2021-03-21,New Jersey,27.87
8543,2021-03-22,New Jersey,28.26
8544,2021-03-23,New Jersey,28.31
8545,2021-03-24,New Jersey,29.35
8546,2021-03-25,New Jersey,29.97
8547,2021-03-26,New Jersey,30.63
8548,2021-03-27,New Jersey,31.24
8549,2021-03-28,New Jersey,31.78
8550,2021-03-29,New Jersey,32.19
8551,2021-03-30,New Jersey,32.68
8552,2021-03-31,New Jersey,33.23
8553,2021-04-01,New Jersey,34.08
8554,2021-04-02,New Jersey,34.94
8555,2021-04-03,New Jersey,35.73
8556,2021-04-04,New Jersey,36.36
8557,2021-04-05,New Jersey,36.77
8558,2021-04-06,New Jersey,37.2
8559,2021-04-07,New Jersey,37.98
8560,2021-04-08,New Jersey,38.89
8561,2021-04-09,New Jersey,39.77
8562,2021-04-10,New Jersey,40.75
8563,2021-04-11,New Jersey,41.46
8564,2021-04-12,New Jersey,42.09
8565,2021-04-13,New Jersey,42.75
8566,2021-04-14,New Jersey,43.49
8567,2021-04-15,New Jersey,44.16
8568,2021-04-16,New Jersey,44.79
8569,2021-04-17,New Jersey,45.43
8570,2021-04-18,New Jersey,45.96
8571,2021-04-19,New Jersey,46.38
8572,2021-04-20,New Jersey,46.85
8573,2021-04-21,New Jersey,47.39
8574,2021-04-22,New Jersey,47.91
8575,2021-04-23,New Jersey,48.53
8576,2021-04-24,New Jersey,49.12
8577,2021-04-25,New Jersey,49.57
8578,2021-04-26,New Jersey,49.94
8579,2021-04-27,New Jersey,50.37
8580,2021-04-28,New Jersey,50.76
8581,2021-04-29,New Jersey,51.17
8582,2021-04-30,New Jersey,51.59
8583,2021-05-01,New Jersey,51.97
8584,2021-05-02,New Jersey,52.17
8585,2021-05-03,New Jersey,52.31
8586,2021-05-04,New Jersey,52.47
8587,2021-05-05,New Jersey,52.83
8588,2021-05-06,New Jersey,53.16
8589,2021-05-07,New Jersey,53.54
8590,2021-05-08,New Jersey,53.87
8591,2021-05-09,New Jersey,54.2
8592,2021-05-10,New Jersey,54.51
8593,2021-05-11,New Jersey,54.7
8594,2021-05-12,New Jersey,54.92
8595,2021-05-13,New Jersey,55.13
8596,2021-05-14,New Jersey,55.37
8597,2021-05-15,New Jersey,55.81
8598,2021-05-16,New Jersey,56.13
8599,2021-05-17,New Jersey,56.34
8600,2021-05-18,New Jersey,56.52
8601,2021-05-19,New Jersey,56.91
8602,2021-05-20,New Jersey,57.25
8603,2021-05-21,New Jersey,57.74
8604,2021-05-22,New Jersey,58.07
8605,2021-05-23,New Jersey,58.34
8606,2021-05-24,New Jersey,58.53
8607,2021-05-25,New Jersey,58.74
8608,2021-05-26,New Jersey,59.02
8609,2021-05-27,New Jersey,59.32
8610,2021-05-28,New Jersey,59.59
8611,2021-05-29,New Jersey,59.95
8612,2021-05-30,New Jersey,60.19
8613,2021-05-31,New Jersey,60.19
8614,2021-06-01,New Jersey,60.46
8615,2021-06-02,New Jersey,60.58
8616,2021-06-03,New Jersey,60.8
8617,2021-06-04,New Jersey,61.05
8618,2021-06-05,New Jersey,61.06
8619,2021-06-06,New Jersey,61.28
8620,2021-06-07,New Jersey,61.52
8621,2021-06-08,New Jersey,61.76
8622,2021-06-09,New Jersey,61.77
8623,2021-06-10,New Jersey,61.97
8624,2021-06-11,New Jersey,62.23
8625,2021-06-12,New Jersey,62.49
8626,2021-06-13,New Jersey,62.75
8627,2021-06-14,New Jersey,62.59
8628,2021-06-15,New Jersey,62.88
8629,2021-06-16,New Jersey,63.09
8630,2021-06-17,New Jersey,63.29
8631,2021-06-18,New Jersey,63.42
8632,2021-06-19,New Jersey,63.58
8633,2021-06-20,New Jersey,63.75
8634,2021-06-21,New Jersey,63.84
8635,2021-06-22,New Jersey,64.14
8636,2021-06-23,New Jersey,64.26
8637,2021-06-24,New Jersey,64.41
8638,2021-06-25,New Jersey,62.11
8639,2021-06-26,New Jersey,62.36
8640,2021-06-27,New Jersey,62.54
8641,2021-06-28,New Jersey,62.61
8642,2021-06-29,New Jersey,62.69
8643,2021-06-30,New Jersey,62.83
8644,2021-07-01,New Jersey,62.95
8645,2021-07-02,New Jersey,63.05
8646,2021-07-03,New Jersey,63.17
8647,2021-07-04,New Jersey,63.27
8648,2021-07-05,New Jersey,63.27
8649,2021-07-06,New Jersey,63.36
8650,2021-07-07,New Jersey,63.46
8651,2021-07-08,New Jersey,63.56
8652,2021-07-09,New Jersey,63.67
8653,2021-07-10,New Jersey,63.76
8654,2021-07-11,New Jersey,63.86
8655,2021-07-12,New Jersey,63.93
8656,2021-07-13,New Jersey,63.99
8657,2021-07-14,New Jersey,64.09
8658,2021-07-15,New Jersey,64.19
8659,2021-07-16,New Jersey,64.29
8660,2021-07-17,New Jersey,64.38
8661,2021-07-18,New Jersey,64.48
8662,2021-07-19,New Jersey,64.55
8663,2021-07-20,New Jersey,64.62
8664,2021-07-21,New Jersey,64.73
8665,2021-07-22,New Jersey,64.86
8666,2021-07-23,New Jersey,64.98
8667,2021-07-24,New Jersey,65.13
8668,2021-07-25,New Jersey,65.24
8669,2021-07-26,New Jersey,65.32
8670,2021-07-27,New Jersey,65.42
8671,2021-07-28,New Jersey,65.56
8672,2021-07-29,New Jersey,65.7
8673,2021-07-30,New Jersey,65.84
8674,2021-07-31,New Jersey,66.01
8675,2021-08-01,New Jersey,66.12
8676,2021-08-02,New Jersey,66.2
8677,2021-08-03,New Jersey,66.3
8678,2021-08-04,New Jersey,66.47
8679,2021-08-05,New Jersey,66.62
8680,2021-08-06,New Jersey,66.77
8681,2021-08-07,New Jersey,66.93
8682,2021-08-08,New Jersey,67.06
8683,2021-08-09,New Jersey,67.16
8684,2021-08-10,New Jersey,67.26
8685,2021-08-11,New Jersey,67.39
8686,2021-08-12,New Jersey,67.5
8687,2021-08-13,New Jersey,67.7
8688,2021-08-14,New Jersey,67.83
8689,2021-08-15,New Jersey,67.96
8690,2021-08-16,New Jersey,68.07
8691,2021-08-17,New Jersey,68.19
8692,2021-08-18,New Jersey,68.28
8693,2021-08-19,New Jersey,68.48
8694,2021-08-20,New Jersey,68.6
8695,2021-08-21,New Jersey,68.75
8696,2021-08-22,New Jersey,68.86
9812,2021-01-12,Ohio,2.67
9813,2021-01-13,Ohio,2.82
9814,2021-01-14,Ohio,2.9
9815,2021-01-15,Ohio,3.1
9816,2021-01-16,Ohio,3.1
9817,2021-01-17,Ohio,3.1
9818,2021-01-18,Ohio,3.1
9819,2021-01-19,Ohio,3.81
9820,2021-01-20,Ohio,3.9
9821,2021-01-21,Ohio,3.9
9822,2021-01-22,Ohio,4.28
9823,2021-01-23,Ohio,4.58
9824,2021-01-24,Ohio,4.92
9825,2021-01-25,Ohio,5.2
9826,2021-01-26,Ohio,5.37
9827,2021-01-27,Ohio,5.62
9828,2021-01-28,Ohio,5.85
9829,2021-01-29,Ohio,6.13
9830,2021-01-30,Ohio,6.5
9831,2021-01-31,Ohio,6.76
9832,2021-02-01,Ohio,7.05
9833,2021-02-02,Ohio,7.31
9834,2021-02-03,Ohio,7.56
9835,2021-02-04,Ohio,7.78
9836,2021-02-05,Ohio,8.01
9837,2021-02-06,Ohio,8.35
9838,2021-02-07,Ohio,8.61
9839,2021-02-08,Ohio,8.89
9840,2021-02-09,Ohio,9.06
9841,2021-02-10,Ohio,9.22
9842,2021-02-11,Ohio,9.48
9843,2021-02-12,Ohio,9.94
9844,2021-02-13,Ohio,10.27
9845,2021-02-14,Ohio,10.62
9846,2021-02-15,Ohio,10.62
9847,2021-02-16,Ohio,11.2
9848,2021-02-17,Ohio,11.34
9849,2021-02-18,Ohio,11.49
9850,2021-02-19,Ohio,12.25
9851,2021-02-20,Ohio,12.49
9852,2021-02-21,Ohio,12.72
9853,2021-02-22,Ohio,12.82
9854,2021-02-23,Ohio,12.93
9855,2021-02-24,Ohio,13.14
9856,2021-02-25,Ohio,13.36
9857,2021-02-26,Ohio,13.63
9858,2021-02-27,Ohio,14.02
9859,2021-02-28,Ohio,14.43
9860,2021-03-01,Ohio,14.74
9861,2021-03-02,Ohio,15.02
9862,2021-03-03,Ohio,15.35
9863,2021-03-04,Ohio,15.65
9864,2021-03-05,Ohio,16.03
9865,2021-03-06,Ohio,16.63
9866,2021-03-07,Ohio,17.12
9867,2021-03-08,Ohio,17.47
9868,2021-03-09,Ohio,17.71
9869,2021-03-10,Ohio,18.04
9870,2021-03-11,Ohio,18.49
9871,2021-03-12,Ohio,19.1
9872,2021-03-13,Ohio,19.84
9873,2021-03-14,Ohio,20.43
9874,2021-03-15,Ohio,20.89
9875,2021-03-16,Ohio,21.1
9876,2021-03-17,Ohio,21.45
9877,2021-03-18,Ohio,22.02
9878,2021-03-19,Ohio,22.64
9879,2021-03-20,Ohio,23.34
9880,2021-03-21,Ohio,24.05
9881,2021-03-22,Ohio,24.52
9882,2021-03-23,Ohio,24.84
9883,2021-03-24,Ohio,25.37
9884,2021-03-25,Ohio,25.93
9885,2021-03-26,Ohio,26.61
9886,2021-03-27,Ohio,27.37
9887,2021-03-28,Ohio,27.95
9888,2021-03-29,Ohio,28.44
9889,2021-03-30,Ohio,28.7
9890,2021-03-31,Ohio,29.09
9891,2021-04-01,Ohio,29.64
9892,2021-04-02,Ohio,30.32
9893,2021-04-03,Ohio,31.1
9894,2021-04-04,Ohio,31.74
9895,2021-04-05,Ohio,32.15
9896,2021-04-06,Ohio,32.36
9897,2021-04-07,Ohio,32.8
9898,2021-04-08,Ohio,33.37
9899,2021-04-09,Ohio,34.04
9900,2021-04-10,Ohio,34.66
9901,2021-04-11,Ohio,34.67
9902,2021-04-12,Ohio,35.65
9903,2021-04-13,Ohio,35.8
9904,2021-04-14,Ohio,36.13
9905,2021-04-15,Ohio,36.52
9906,2021-04-16,Ohio,36.93
9907,2021-04-17,Ohio,37.33
9908,2021-04-18,Ohio,37.7
9909,2021-04-19,Ohio,37.92
9910,2021-04-20,Ohio,38.08
9911,2021-04-21,Ohio,38.32
9912,2021-04-22,Ohio,38.57
9913,2021-04-23,Ohio,38.92
9914,2021-04-24,Ohio,39.17
9915,2021-04-25,Ohio,39.44
9916,2021-04-26,Ohio,39.62
9917,2021-04-27,Ohio,39.72
9918,2021-04-28,Ohio,39.9
9919,2021-04-29,Ohio,40.08
9920,2021-04-30,Ohio,40.38
9921,2021-05-01,Ohio,40.6
9922,2021-05-02,Ohio,40.78
9923,2021-05-03,Ohio,40.87
9924,2021-05-04,Ohio,40.92
9925,2021-05-05,Ohio,41.06
9926,2021-05-06,Ohio,41.24
9927,2021-05-07,Ohio,41.49
9928,2021-05-08,Ohio,41.65
9929,2021-05-09,Ohio,41.83
9930,2021-05-10,Ohio,41.9
9931,2021-05-11,Ohio,42.14
9932,2021-05-12,Ohio,42.29
9933,2021-05-13,Ohio,42.41
9934,2021-05-14,Ohio,42.59
9935,2021-05-15,Ohio,42.76
9936,2021-05-16,Ohio,43.01
9937,2021-05-17,Ohio,43.16
9938,2021-05-18,Ohio,43.28
9939,2021-05-19,Ohio,43.48
9940,2021-05-20,Ohio,43.74
9941,2021-05-21,Ohio,44.01
9942,2021-05-22,Ohio,44.4
9943,2021-05-23,Ohio,44.63
9944,2021-05-24,Ohio,44.79
9945,2021-05-25,Ohio,44.87
9946,2021-05-26,Ohio,45.08
9947,2021-05-27,Ohio,45.3
9948,2021-05-28,Ohio,45.46
9949,2021-05-29,Ohio,45.63
9950,2021-05-30,Ohio,45.81
9951,2021-05-31,Ohio,45.81
9952,2021-06-01,Ohio,45.94
9953,2021-06-02,Ohio,46.0
9954,2021-06-03,Ohio,46.09
9955,2021-06-04,Ohio,46.22
9956,2021-06-05,Ohio,46.37
9957,2021-06-06,Ohio,46.51
9958,2021-06-07,Ohio,46.6
9959,2021-06-08,Ohio,46.65
9960,2021-06-09,Ohio,46.75
9961,2021-06-10,Ohio,46.86
9962,2021-06-11,Ohio,46.86
9963,2021-06-12,Ohio,46.98
9964,2021-06-13,Ohio,47.07
9965,2021-06-14,Ohio,47.18
9966,2021-06-15,Ohio,47.24
9967,2021-06-16,Ohio,47.33
9968,2021-06-17,Ohio,47.43
9969,2021-06-18,Ohio,47.53
9970,2021-06-19,Ohio,47.62
9971,2021-06-20,Ohio,47.68
9972,2021-06-21,Ohio,47.73
9973,2021-06-22,Ohio,47.76
9974,2021-06-23,Ohio,47.82
9975,2021-06-24,Ohio,47.89
9976,2021-06-25,Ohio,47.96
9977,2021-06-26,Ohio,48.01
9978,2021-06-27,Ohio,48.08
9979,2021-06-28,Ohio,48.14
9980,2021-06-29,Ohio,48.16
9981,2021-06-30,Ohio,48.21
9982,2021-07-01,Ohio,48.27
9983,2021-07-02,Ohio,48.34
9984,2021-07-03,Ohio,48.39
9985,2021-07-04,Ohio,48.45
9986,2021-07-05,Ohio,48.45
9987,2021-07-06,Ohio,48.49
9988,2021-07-07,Ohio,48.52
9989,2021-07-08,Ohio,48.57
9990,2021-07-09,Ohio,48.62
9991,2021-07-10,Ohio,48.67
9992,2021-07-11,Ohio,48.73
9993,2021-07-12,Ohio,48.76
9994,2021-07-13,Ohio,48.78
9995,2021-07-14,Ohio,48.83
9996,2021-07-15,Ohio,48.84
9997,2021-07-16,Ohio,48.94
9998,2021-07-17,Ohio,48.99
9999,2021-07-18,Ohio,49.04
10000,2021-07-19,Ohio,49.08
10001,2021-07-20,Ohio,49.1
10002,2021-07-21,Ohio,49.15
10003,2021-07-22,Ohio,49.22
10004,2021-07-23,Ohio,49.3
10005,2021-07-24,Ohio,49.37
10006,2021-07-25,Ohio,49.44
10007,2021-07-26,Ohio,49.5
10008,2021-07-27,Ohio,49.53
10009,2021-07-28,Ohio,49.61
10010,2021-07-29,Ohio,49.62
10011,2021-07-30,Ohio,49.77
10012,2021-07-31,Ohio,49.86
10013,2021-08-01,Ohio,49.95
10014,2021-08-02,Ohio,50.02
10015,2021-08-03,Ohio,50.07
10016,2021-08-04,Ohio,50.15
10017,2021-08-05,Ohio,50.25
10018,2021-08-06,Ohio,50.36
10019,2021-08-07,Ohio,50.46
10020,2021-08-08,Ohio,50.57
10021,2021-08-09,Ohio,50.64
10022,2021-08-10,Ohio,50.7
10023,2021-08-11,Ohio,50.79
10024,2021-08-12,Ohio,50.88
10025,2021-08-13,Ohio,50.96
10026,2021-08-14,Ohio,51.1
10027,2021-08-15,Ohio,51.2
10028,2021-08-16,Ohio,51.27
10029,2021-08-17,Ohio,51.31
10030,2021-08-18,Ohio,51.41
10031,2021-08-19,Ohio,51.51
10032,2021-08-20,Ohio,51.61
10033,2021-08-21,Ohio,51.7
10034,2021-08-22,Ohio,51.79
10481,2021-01-12,Pennsylvania,2.08
10482,2021-01-13,Pennsylvania,2.23
10483,2021-01-14,Pennsylvania,2.76
10484,2021-01-15,Pennsylvania,2.97
10485,2021-01-16,Pennsylvania,2.97
10486,2021-01-17,Pennsylvania,2.97
10487,2021-01-18,Pennsylvania,2.97
10488,2021-01-19,Pennsylvania,3.63
10489,2021-01-20,Pennsylvania,3.77
10490,2021-01-21,Pennsylvania,3.97
10491,2021-01-22,Pennsylvania,4.21
10492,2021-01-23,Pennsylvania,4.47
10493,2021-01-24,Pennsylvania,4.78
10494,2021-01-25,Pennsylvania,5.0
10495,2021-01-26,Pennsylvania,5.14
10496,2021-01-27,Pennsylvania,5.42
10497,2021-01-28,Pennsylvania,5.43
10498,2021-01-29,Pennsylvania,6.07
10499,2021-01-30,Pennsylvania,6.4
10500,2021-01-31,Pennsylvania,6.73
10501,2021-02-01,Pennsylvania,7.03
10502,2021-02-02,Pennsylvania,7.16
10503,2021-02-03,Pennsylvania,7.17
10504,2021-02-04,Pennsylvania,7.49
10505,2021-02-05,Pennsylvania,7.76
10506,2021-02-06,Pennsylvania,8.1
10507,2021-02-07,Pennsylvania,8.46
10508,2021-02-08,Pennsylvania,8.66
10509,2021-02-09,Pennsylvania,8.86
10510,2021-02-10,Pennsylvania,9.19
10511,2021-02-11,Pennsylvania,9.5
10512,2021-02-12,Pennsylvania,9.88
10513,2021-02-13,Pennsylvania,9.91
10514,2021-02-14,Pennsylvania,10.65
10515,2021-02-15,Pennsylvania,10.65
10516,2021-02-16,Pennsylvania,10.7
10517,2021-02-17,Pennsylvania,11.29
10518,2021-02-18,Pennsylvania,11.55
10519,2021-02-19,Pennsylvania,12.51
10520,2021-02-20,Pennsylvania,12.72
10521,2021-02-21,Pennsylvania,13.03
10522,2021-02-22,Pennsylvania,13.28
10523,2021-02-23,Pennsylvania,13.36
10524,2021-02-24,Pennsylvania,13.53
10525,2021-02-25,Pennsylvania,13.8
10526,2021-02-26,Pennsylvania,14.1
10527,2021-02-27,Pennsylvania,14.6
10528,2021-02-28,Pennsylvania,14.93
10529,2021-03-01,Pennsylvania,15.28
10530,2021-03-02,Pennsylvania,15.56
10531,2021-03-03,Pennsylvania,15.84
10532,2021-03-04,Pennsylvania,16.25
10533,2021-03-05,Pennsylvania,16.99
10534,2021-03-06,Pennsylvania,17.63
10535,2021-03-07,Pennsylvania,17.76
10536,2021-03-08,Pennsylvania,17.88
10537,2021-03-09,Pennsylvania,18.76
10538,2021-03-10,Pennsylvania,19.3
10539,2021-03-11,Pennsylvania,19.77
10540,2021-03-12,Pennsylvania,19.9
10541,2021-03-13,Pennsylvania,21.49
10542,2021-03-14,Pennsylvania,21.97
10543,2021-03-15,Pennsylvania,22.36
10544,2021-03-16,Pennsylvania,22.67
10545,2021-03-17,Pennsylvania,23.53
10546,2021-03-18,Pennsylvania,24.11
10547,2021-03-19,Pennsylvania,24.25
10548,2021-03-20,Pennsylvania,24.41
10549,2021-03-21,Pennsylvania,24.45
10550,2021-03-22,Pennsylvania,25.07
10551,2021-03-23,Pennsylvania,27.19
10552,2021-03-24,Pennsylvania,27.96
10553,2021-03-25,Pennsylvania,28.13
10554,2021-03-26,Pennsylvania,29.21
10555,2021-03-27,Pennsylvania,30.01
10556,2021-03-28,Pennsylvania,30.6
10557,2021-03-29,Pennsylvania,31.03
10558,2021-03-30,Pennsylvania,31.27
10559,2021-03-31,Pennsylvania,31.8
10560,2021-04-01,Pennsylvania,32.44
10561,2021-04-02,Pennsylvania,33.46
10562,2021-04-03,Pennsylvania,34.24
10563,2021-04-04,Pennsylvania,34.82
10564,2021-04-05,Pennsylvania,35.19
10565,2021-04-06,Pennsylvania,35.37
10566,2021-04-07,Pennsylvania,35.44
10567,2021-04-08,Pennsylvania,35.56
10568,2021-04-09,Pennsylvania,35.99
10569,2021-04-10,Pennsylvania,38.48
10570,2021-04-11,Pennsylvania,38.95
10571,2021-04-12,Pennsylvania,39.52
10572,2021-04-13,Pennsylvania,40.07
10573,2021-04-14,Pennsylvania,40.65
10574,2021-04-15,Pennsylvania,41.31
10575,2021-04-16,Pennsylvania,42.07
10576,2021-04-17,Pennsylvania,42.66
10577,2021-04-18,Pennsylvania,43.16
10578,2021-04-19,Pennsylvania,43.43
10579,2021-04-20,Pennsylvania,43.89
10580,2021-04-21,Pennsylvania,44.69
10581,2021-04-22,Pennsylvania,45.28
10582,2021-04-23,Pennsylvania,46.19
10583,2021-04-24,Pennsylvania,46.96
10584,2021-04-25,Pennsylvania,47.32
10585,2021-04-26,Pennsylvania,47.68
10586,2021-04-27,Pennsylvania,48.05
10587,2021-04-28,Pennsylvania,48.47
10588,2021-04-29,Pennsylvania,48.96
10589,2021-04-30,Pennsylvania,49.42
10590,2021-05-01,Pennsylvania,50.13
10591,2021-05-02,Pennsylvania,50.34
10592,2021-05-03,Pennsylvania,50.61
10593,2021-05-04,Pennsylvania,50.85
10594,2021-05-05,Pennsylvania,51.17
10595,2021-05-06,Pennsylvania,51.56
10596,2021-05-07,Pennsylvania,51.92
10597,2021-05-08,Pennsylvania,52.32
10598,2021-05-09,Pennsylvania,52.55
10599,2021-05-10,Pennsylvania,52.74
10600,2021-05-11,Pennsylvania,53.07
10601,2021-05-12,Pennsylvania,53.28
10602,2021-05-13,Pennsylvania,53.64
10603,2021-05-14,Pennsylvania,53.87
10604,2021-05-15,Pennsylvania,54.21
10605,2021-05-16,Pennsylvania,54.56
10606,2021-05-17,Pennsylvania,54.76
10607,2021-05-18,Pennsylvania,54.98
10608,2021-05-19,Pennsylvania,55.38
10609,2021-05-20,Pennsylvania,55.69
10610,2021-05-21,Pennsylvania,56.13
10611,2021-05-22,Pennsylvania,56.46
10612,2021-05-23,Pennsylvania,56.69
10613,2021-05-24,Pennsylvania,56.86
10614,2021-05-25,Pennsylvania,57.0
10615,2021-05-26,Pennsylvania,57.27
10616,2021-05-27,Pennsylvania,57.56
10617,2021-05-28,Pennsylvania,57.83
10618,2021-05-29,Pennsylvania,58.14
10619,2021-05-30,Pennsylvania,58.33
10620,2021-05-31,Pennsylvania,58.33
10621,2021-06-01,Pennsylvania,58.5
10622,2021-06-02,Pennsylvania,58.62
10623,2021-06-03,Pennsylvania,58.73
10624,2021-06-04,Pennsylvania,59.14
10625,2021-06-05,Pennsylvania,59.39
10626,2021-06-06,Pennsylvania,59.4
10627,2021-06-07,Pennsylvania,59.57
10628,2021-06-08,Pennsylvania,59.84
10629,2021-06-09,Pennsylvania,59.92
10630,2021-06-10,Pennsylvania,60.08
10631,2021-06-11,Pennsylvania,60.32
10632,2021-06-12,Pennsylvania,60.59
10633,2021-06-13,Pennsylvania,60.75
10634,2021-06-14,Pennsylvania,60.92
10635,2021-06-15,Pennsylvania,61.06
10636,2021-06-16,Pennsylvania,61.07
10637,2021-06-17,Pennsylvania,61.4
10638,2021-06-18,Pennsylvania,61.6
10639,2021-06-19,Pennsylvania,61.71
10640,2021-06-20,Pennsylvania,61.84
10641,2021-06-21,Pennsylvania,61.91
10642,2021-06-22,Pennsylvania,61.98
10643,2021-06-23,Pennsylvania,62.09
10644,2021-06-24,Pennsylvania,62.22
10645,2021-06-25,Pennsylvania,62.32
10646,2021-06-26,Pennsylvania,62.44
10647,2021-06-27,Pennsylvania,62.52
10648,2021-06-28,Pennsylvania,62.63
10649,2021-06-29,Pennsylvania,62.67
10650,2021-06-30,Pennsylvania,62.73
10651,2021-07-01,Pennsylvania,62.87
10652,2021-07-02,Pennsylvania,62.98
10653,2021-07-03,Pennsylvania,63.09
10654,2021-07-04,Pennsylvania,63.09
10655,2021-07-05,Pennsylvania,63.09
10656,2021-07-06,Pennsylvania,63.28
10657,2021-07-07,Pennsylvania,63.35
10658,2021-07-08,Pennsylvania,63.44
10659,2021-07-09,Pennsylvania,63.5
10660,2021-07-10,Pennsylvania,63.58
10661,2021-07-11,Pennsylvania,63.67
10662,2021-07-12,Pennsylvania,63.72
10663,2021-07-13,Pennsylvania,63.78
10664,2021-07-14,Pennsylvania,63.87
10665,2021-07-15,Pennsylvania,63.95
10666,2021-07-16,Pennsylvania,64.06
10667,2021-07-17,Pennsylvania,64.15
10668,2021-07-18,Pennsylvania,64.22
10669,2021-07-19,Pennsylvania,64.31
10670,2021-07-20,Pennsylvania,64.36
10671,2021-07-21,Pennsylvania,64.48
10672,2021-07-22,Pennsylvania,64.57
10673,2021-07-23,Pennsylvania,64.69
10674,2021-07-24,Pennsylvania,64.81
10675,2021-07-25,Pennsylvania,64.91
10676,2021-07-26,Pennsylvania,64.98
10677,2021-07-27,Pennsylvania,65.02
10678,2021-07-28,Pennsylvania,65.18
10679,2021-07-29,Pennsylvania,65.32
10680,2021-07-30,Pennsylvania,65.44
10681,2021-07-31,Pennsylvania,65.45
10682,2021-08-01,Pennsylvania,65.74
10683,2021-08-02,Pennsylvania,65.84
10684,2021-08-03,Pennsylvania,65.86
10685,2021-08-04,Pennsylvania,65.99
10686,2021-08-05,Pennsylvania,66.14
10687,2021-08-06,Pennsylvania,66.29
10688,2021-08-07,Pennsylvania,66.45
10689,2021-08-08,Pennsylvania,66.6
10690,2021-08-09,Pennsylvania,66.69
10691,2021-08-10,Pennsylvania,66.76
10692,2021-08-11,Pennsylvania,66.89
10693,2021-08-12,Pennsylvania,67.03
10694,2021-08-13,Pennsylvania,67.15
10695,2021-08-14,Pennsylvania,67.32
10696,2021-08-15,Pennsylvania,67.44
10697,2021-08-16,Pennsylvania,67.45
10698,2021-08-17,Pennsylvania,67.63
10699,2021-08-18,Pennsylvania,67.73
10700,2021-08-19,Pennsylvania,67.88
10701,2021-08-20,Pennsylvania,68.02
10702,2021-08-21,Pennsylvania,68.18
10703,2021-08-22,Pennsylvania,68.32
12042,2021-01-12,Texas,2.79
12043,2021-01-13,Texas,2.97
12044,2021-01-14,Texas,3.16
12045,2021-01-15,Texas,3.46
12046,2021-01-16,Texas,3.46
12047,2021-01-17,Texas,3.46
12048,2021-01-18,Texas,3.46
12049,2021-01-19,Texas,4.22
12050,2021-01-20,Texas,4.42
12051,2021-01-21,Texas,4.61
12052,2021-01-22,Texas,4.87
12053,2021-01-23,Texas,5.09
12054,2021-01-24,Texas,5.18
12055,2021-01-25,Texas,5.28
12056,2021-01-26,Texas,5.57
12057,2021-01-27,Texas,5.69
12058,2021-01-28,Texas,5.97
12059,2021-01-29,Texas,6.22
12060,2021-01-30,Texas,6.51
12061,2021-01-31,Texas,6.65
12062,2021-02-01,Texas,6.87
12063,2021-02-02,Texas,6.87
12064,2021-02-03,Texas,7.2
12065,2021-02-04,Texas,7.52
12066,2021-02-05,Texas,7.79
12067,2021-02-06,Texas,8.18
12068,2021-02-07,Texas,8.5
12069,2021-02-08,Texas,8.67
12070,2021-02-09,Texas,8.93
12071,2021-02-10,Texas,9.22
12072,2021-02-11,Texas,9.47
12073,2021-02-12,Texas,9.78
12074,2021-02-13,Texas,10.01
12075,2021-02-14,Texas,10.24
12076,2021-02-15,Texas,10.24
12077,2021-02-16,Texas,10.48
12078,2021-02-17,Texas,10.55
12079,2021-02-18,Texas,10.59
12080,2021-02-19,Texas,11.06
12081,2021-02-20,Texas,11.18
12082,2021-02-21,Texas,11.27
12083,2021-02-22,Texas,11.38
12084,2021-02-23,Texas,11.48
12085,2021-02-24,Texas,11.67
12086,2021-02-25,Texas,11.4
12087,2021-02-26,Texas,11.66
12088,2021-02-27,Texas,11.88
12089,2021-02-28,Texas,12.18
12090,2021-03-01,Texas,12.18
12091,2021-03-02,Texas,12.88
12092,2021-03-03,Texas,13.28
12093,2021-03-04,Texas,13.64
12094,2021-03-05,Texas,14.13
12095,2021-03-06,Texas,14.65
12096,2021-03-07,Texas,14.88
12097,2021-03-08,Texas,15.2
12098,2021-03-09,Texas,15.78
12099,2021-03-10,Texas,16.35
12100,2021-03-11,Texas,16.88
12101,2021-03-12,Texas,17.59
12102,2021-03-13,Texas,18.25
12103,2021-03-14,Texas,18.68
12104,2021-03-15,Texas,19.0
12105,2021-03-16,Texas,19.32
12106,2021-03-17,Texas,19.83
12107,2021-03-18,Texas,20.39
12108,2021-03-19,Texas,20.87
12109,2021-03-20,Texas,21.37
12110,2021-03-21,Texas,21.8
12111,2021-03-22,Texas,22.04
12112,2021-03-23,Texas,22.3
12113,2021-03-24,Texas,22.26
12114,2021-03-25,Texas,22.91
12115,2021-03-26,Texas,23.52
12116,2021-03-27,Texas,24.04
12117,2021-03-28,Texas,24.48
12118,2021-03-29,Texas,24.87
12119,2021-03-30,Texas,25.3
12120,2021-03-31,Texas,25.79
12121,2021-04-01,Texas,26.38
12122,2021-04-02,Texas,27.02
12123,2021-04-03,Texas,27.48
12124,2021-04-04,Texas,27.94
12125,2021-04-05,Texas,28.46
12126,2021-04-06,Texas,28.87
12127,2021-04-07,Texas,29.32
12128,2021-04-08,Texas,29.86
12129,2021-04-09,Texas,30.64
12130,2021-04-10,Texas,31.53
12131,2021-04-11,Texas,32.05
12132,2021-04-12,Texas,32.42
12133,2021-04-13,Texas,32.84
12134,2021-04-14,Texas,33.35
12135,2021-04-15,Texas,33.84
12136,2021-04-16,Texas,34.29
12137,2021-04-17,Texas,34.76
12138,2021-04-18,Texas,34.99
12139,2021-04-19,Texas,35.33
12140,2021-04-20,Texas,35.53
12141,2021-04-21,Texas,35.83
12142,2021-04-22,Texas,36.13
12143,2021-04-23,Texas,36.45
12144,2021-04-24,Texas,36.79
12145,2021-04-25,Texas,37.07
12146,2021-04-26,Texas,37.24
12147,2021-04-27,Texas,37.42
12148,2021-04-28,Texas,37.65
12149,2021-04-29,Texas,37.93
12150,2021-04-30,Texas,38.26
12151,2021-05-01,Texas,38.5
12152,2021-05-02,Texas,38.62
12153,2021-05-03,Texas,38.72
12154,2021-05-04,Texas,38.81
12155,2021-05-05,Texas,38.99
12156,2021-05-06,Texas,39.18
12157,2021-05-07,Texas,39.36
12158,2021-05-08,Texas,39.55
12159,2021-05-09,Texas,39.69
12160,2021-05-10,Texas,39.79
12161,2021-05-11,Texas,39.92
12162,2021-05-12,Texas,40.08
12163,2021-05-13,Texas,40.23
12164,2021-05-14,Texas,40.4
12165,2021-05-15,Texas,40.66
12166,2021-05-16,Texas,40.98
12167,2021-05-17,Texas,41.27
12168,2021-05-18,Texas,41.44
12169,2021-05-19,Texas,41.71
12170,2021-05-20,Texas,41.95
12171,2021-05-21,Texas,42.33
12172,2021-05-22,Texas,42.53
12173,2021-05-23,Texas,42.77
12174,2021-05-24,Texas,42.94
12175,2021-05-25,Texas,43.14
12176,2021-05-26,Texas,43.35
12177,2021-05-27,Texas,43.54
12178,2021-05-28,Texas,43.79
12179,2021-05-29,Texas,43.99
12180,2021-05-30,Texas,44.16
12181,2021-05-31,Texas,44.16
12182,2021-06-01,Texas,44.34
12183,2021-06-02,Texas,44.43
12184,2021-06-03,Texas,44.59
12185,2021-06-04,Texas,44.78
12186,2021-06-05,Texas,44.93
12187,2021-06-06,Texas,45.09
12188,2021-06-07,Texas,45.19
12189,2021-06-08,Texas,45.3
12190,2021-06-09,Texas,45.44
12191,2021-06-10,Texas,45.61
12192,2021-06-11,Texas,45.77
12193,2021-06-12,Texas,46.02
12194,2021-06-13,Texas,46.1
12195,2021-06-14,Texas,46.16
12196,2021-06-15,Texas,46.32
12197,2021-06-16,Texas,46.6
12198,2021-06-17,Texas,46.86
12199,2021-06-18,Texas,47.01
12200,2021-06-19,Texas,47.11
12201,2021-06-20,Texas,47.22
12202,2021-06-21,Texas,47.29
12203,2021-06-22,Texas,47.36
12204,2021-06-23,Texas,47.46
12205,2021-06-24,Texas,47.55
12206,2021-06-25,Texas,47.66
12207,2021-06-26,Texas,47.78
12208,2021-06-27,Texas,47.89
12209,2021-06-28,Texas,47.97
12210,2021-06-29,Texas,48.06
12211,2021-06-30,Texas,48.15
12212,2021-07-01,Texas,48.25
12213,2021-07-02,Texas,48.35
12214,2021-07-03,Texas,48.45
12215,2021-07-04,Texas,48.54
12216,2021-07-05,Texas,48.54
12217,2021-07-06,Texas,48.63
12218,2021-07-07,Texas,48.71
12219,2021-07-08,Texas,48.82
12220,2021-07-09,Texas,48.92
12221,2021-07-10,Texas,49.03
12222,2021-07-11,Texas,49.12
12223,2021-07-12,Texas,49.19
12224,2021-07-13,Texas,49.27
12225,2021-07-14,Texas,49.37
12226,2021-07-15,Texas,49.46
12227,2021-07-16,Texas,49.54
12228,2021-07-17,Texas,49.65
12229,2021-07-18,Texas,49.74
12230,2021-07-19,Texas,49.8
12231,2021-07-20,Texas,49.91
12232,2021-07-21,Texas,50.05
12233,2021-07-22,Texas,50.25
12234,2021-07-23,Texas,50.39
12235,2021-07-24,Texas,50.39
12236,2021-07-25,Texas,50.69
12237,2021-07-26,Texas,50.81
12238,2021-07-27,Texas,50.93
12239,2021-07-28,Texas,51.08
12240,2021-07-29,Texas,51.27
12241,2021-07-30,Texas,51.47
12242,2021-07-31,Texas,51.67
12243,2021-08-01,Texas,51.85
12244,2021-08-02,Texas,52.0
12245,2021-08-03,Texas,52.13
12246,2021-08-04,Texas,52.32
12247,2021-08-05,Texas,52.51
12248,2021-08-06,Texas,52.72
12249,2021-08-07,Texas,52.95
12250,2021-08-08,Texas,53.16
12251,2021-08-09,Texas,53.31
12252,2021-08-10,Texas,53.46
12253,2021-08-11,Texas,53.62
12254,2021-08-12,Texas,53.85
12255,2021-08-13,Texas,54.13
12256,2021-08-14,Texas,54.41
12257,2021-08-15,Texas,54.61
12258,2021-08-16,Texas,54.74
12259,2021-08-17,Texas,54.88
12260,2021-08-18,Texas,55.05
12261,2021-08-19,Texas,55.26
12262,2021-08-20,Texas,55.45
12263,2021-08-21,Texas,55.6
12264,2021-08-22,Texas,55.77
13403,2021-01-12,Virginia,47.69
13404,2021-01-13,Virginia,47.69
13405,2021-01-14,Virginia,2.26
13406,2021-01-15,Virginia,2.52
13407,2021-01-16,Virginia,2.52
13408,2021-01-17,Virginia,2.52
13409,2021-01-18,Virginia,2.52
13410,2021-01-19,Virginia,3.4
13411,2021-01-20,Virginia,3.56
13412,2021-01-21,Virginia,3.75
13413,2021-01-22,Virginia,4.15
13414,2021-01-23,Virginia,4.41
13415,2021-01-24,Virginia,4.61
13416,2021-01-25,Virginia,4.87
13417,2021-01-26,Virginia,5.82
13418,2021-01-27,Virginia,6.14
13419,2021-01-28,Virginia,6.48
13420,2021-01-29,Virginia,7.02
13421,2021-01-30,Virginia,7.6
13422,2021-01-31,Virginia,8.06
13423,2021-02-01,Virginia,8.41
13424,2021-02-02,Virginia,8.69
13425,2021-02-03,Virginia,8.88
13426,2021-02-04,Virginia,9.07
13427,2021-02-05,Virginia,9.44
13428,2021-02-06,Virginia,9.87
13429,2021-02-07,Virginia,10.26
13430,2021-02-08,Virginia,10.51
13431,2021-02-09,Virginia,10.68
13432,2021-02-10,Virginia,10.84
13433,2021-02-11,Virginia,11.07
13434,2021-02-12,Virginia,11.38
13435,2021-02-13,Virginia,11.64
13436,2021-02-14,Virginia,11.77
13437,2021-02-15,Virginia,11.77
13438,2021-02-16,Virginia,12.26
13439,2021-02-17,Virginia,12.42
13440,2021-02-18,Virginia,12.61
13441,2021-02-19,Virginia,13.52
13442,2021-02-20,Virginia,13.62
13443,2021-02-21,Virginia,13.74
13444,2021-02-22,Virginia,13.97
13445,2021-02-23,Virginia,14.14
13446,2021-02-24,Virginia,14.33
13447,2021-02-25,Virginia,14.53
13448,2021-02-26,Virginia,14.85
13449,2021-02-27,Virginia,15.43
13450,2021-02-28,Virginia,15.81
13451,2021-03-01,Virginia,16.17
13452,2021-03-02,Virginia,16.43
13453,2021-03-03,Virginia,16.77
13454,2021-03-04,Virginia,17.22
13455,2021-03-05,Virginia,17.61
13456,2021-03-06,Virginia,17.96
13457,2021-03-07,Virginia,18.37
13458,2021-03-08,Virginia,18.65
13459,2021-03-09,Virginia,19.25
13460,2021-03-10,Virginia,19.73
13461,2021-03-11,Virginia,20.28
13462,2021-03-12,Virginia,20.82
13463,2021-03-13,Virginia,21.41
13464,2021-03-14,Virginia,21.93
13465,2021-03-15,Virginia,22.42
13466,2021-03-16,Virginia,22.71
13467,2021-03-17,Virginia,23.06
13468,2021-03-18,Virginia,23.61
13469,2021-03-19,Virginia,24.23
13470,2021-03-20,Virginia,24.94
13471,2021-03-21,Virginia,25.47
13472,2021-03-22,Virginia,25.83
13473,2021-03-23,Virginia,26.05
13474,2021-03-24,Virginia,26.7
13475,2021-03-25,Virginia,27.2
13476,2021-03-26,Virginia,27.87
13477,2021-03-27,Virginia,28.32
13478,2021-03-28,Virginia,29.21
13479,2021-03-29,Virginia,29.91
13480,2021-03-30,Virginia,30.7
13481,2021-03-31,Virginia,31.3
13482,2021-04-01,Virginia,31.93
13483,2021-04-02,Virginia,32.77
13484,2021-04-03,Virginia,33.66
13485,2021-04-04,Virginia,34.48
13486,2021-04-05,Virginia,34.86
13487,2021-04-06,Virginia,35.18
13488,2021-04-07,Virginia,35.71
13489,2021-04-08,Virginia,36.28
13490,2021-04-09,Virginia,37.06
13491,2021-04-10,Virginia,37.85
13492,2021-04-11,Virginia,38.6
13493,2021-04-12,Virginia,39.0
13494,2021-04-13,Virginia,39.37
13495,2021-04-14,Virginia,39.89
13496,2021-04-15,Virginia,40.33
13497,2021-04-16,Virginia,41.12
13498,2021-04-17,Virginia,41.68
13499,2021-04-18,Virginia,42.06
13500,2021-04-19,Virginia,42.42
13501,2021-04-20,Virginia,42.86
13502,2021-04-21,Virginia,43.22
13503,2021-04-22,Virginia,43.71
13504,2021-04-23,Virginia,44.27
13505,2021-04-24,Virginia,44.85
13506,2021-04-25,Virginia,45.2
13507,2021-04-26,Virginia,45.64
13508,2021-04-27,Virginia,45.94
13509,2021-04-28,Virginia,46.22
13510,2021-04-29,Virginia,46.62
13511,2021-04-30,Virginia,47.09
13512,2021-05-01,Virginia,47.52
13513,2021-05-02,Virginia,47.8
13514,2021-05-03,Virginia,47.91
13515,2021-05-04,Virginia,48.13
13516,2021-05-05,Virginia,48.38
13517,2021-05-06,Virginia,48.8
13518,2021-05-07,Virginia,49.14
13519,2021-05-08,Virginia,49.37
13520,2021-05-09,Virginia,49.61
13521,2021-05-10,Virginia,49.99
13522,2021-05-11,Virginia,50.17
13523,2021-05-12,Virginia,50.34
13524,2021-05-13,Virginia,50.52
13525,2021-05-14,Virginia,50.74
13526,2021-05-15,Virginia,51.04
13527,2021-05-16,Virginia,51.25
13528,2021-05-17,Virginia,51.51
13529,2021-05-18,Virginia,51.66
13530,2021-05-19,Virginia,52.05
13531,2021-05-20,Virginia,52.37
13532,2021-05-21,Virginia,52.89
13533,2021-05-22,Virginia,53.24
13534,2021-05-23,Virginia,53.51
13535,2021-05-24,Virginia,53.7
13536,2021-05-25,Virginia,53.9
13537,2021-05-26,Virginia,54.17
13538,2021-05-27,Virginia,54.4
13539,2021-05-28,Virginia,54.71
13540,2021-05-29,Virginia,55.0
13541,2021-05-30,Virginia,55.17
13542,2021-05-31,Virginia,55.17
13543,2021-06-01,Virginia,55.38
13544,2021-06-02,Virginia,55.51
13545,2021-06-03,Virginia,55.52
13546,2021-06-04,Virginia,55.73
13547,2021-06-05,Virginia,55.92
13548,2021-06-06,Virginia,56.26
13549,2021-06-07,Virginia,56.28
13550,2021-06-08,Virginia,56.49
13551,2021-06-09,Virginia,56.5
13552,2021-06-10,Virginia,56.65
13553,2021-06-11,Virginia,56.85
13554,2021-06-12,Virginia,57.03
13555,2021-06-13,Virginia,57.19
13556,2021-06-14,Virginia,57.25
13557,2021-06-15,Virginia,57.45
13558,2021-06-16,Virginia,57.64
13559,2021-06-17,Virginia,57.66
13560,2021-06-18,Virginia,57.91
13561,2021-06-19,Virginia,58.03
13562,2021-06-20,Virginia,58.14
13563,2021-06-21,Virginia,58.2
13564,2021-06-22,Virginia,58.28
13565,2021-06-23,Virginia,58.4
13566,2021-06-24,Virginia,58.53
13567,2021-06-25,Virginia,58.54
13568,2021-06-26,Virginia,58.64
13569,2021-06-27,Virginia,58.76
13570,2021-06-28,Virginia,58.88
13571,2021-06-29,Virginia,58.93
13572,2021-06-30,Virginia,59.05
13573,2021-07-01,Virginia,59.14
13574,2021-07-02,Virginia,59.27
13575,2021-07-03,Virginia,59.37
13576,2021-07-04,Virginia,59.45
13577,2021-07-05,Virginia,59.45
13578,2021-07-06,Virginia,59.56
13579,2021-07-07,Virginia,59.59
13580,2021-07-08,Virginia,59.67
13581,2021-07-09,Virginia,59.76
13582,2021-07-10,Virginia,59.84
13583,2021-07-11,Virginia,59.91
13584,2021-07-12,Virginia,59.99
13585,2021-07-13,Virginia,60.05
13586,2021-07-14,Virginia,60.12
13587,2021-07-15,Virginia,60.2
13588,2021-07-16,Virginia,60.3
13589,2021-07-17,Virginia,60.38
13590,2021-07-18,Virginia,60.46
13591,2021-07-19,Virginia,60.53
13592,2021-07-20,Virginia,60.58
13593,2021-07-21,Virginia,60.67
13594,2021-07-22,Virginia,60.76
13595,2021-07-23,Virginia,60.86
13596,2021-07-24,Virginia,60.96
13597,2021-07-25,Virginia,61.09
13598,2021-07-26,Virginia,61.19
13599,2021-07-27,Virginia,61.25
13600,2021-07-28,Virginia,61.34
13601,2021-07-29,Virginia,61.45
13602,2021-07-30,Virginia,61.57
13603,2021-07-31,Virginia,61.71
13604,2021-08-01,Virginia,61.94
13605,2021-08-02,Virginia,62.02
13606,2021-08-03,Virginia,62.03
13607,2021-08-04,Virginia,62.13
13608,2021-08-05,Virginia,62.27
13609,2021-08-06,Virginia,62.4
13610,2021-08-07,Virginia,62.54
13611,2021-08-08,Virginia,62.8
13612,2021-08-09,Virginia,62.81
13613,2021-08-10,Virginia,62.9
13614,2021-08-11,Virginia,63.06
13615,2021-08-12,Virginia,63.17
13616,2021-08-13,Virginia,63.28
13617,2021-08-14,Virginia,63.48
13618,2021-08-15,Virginia,63.49
13619,2021-08-16,Virginia,63.73
13620,2021-08-17,Virginia,63.82
13621,2021-08-18,Virginia,63.92
13622,2021-08-19,Virginia,64.01
13623,2021-08-20,Virginia,64.15
13624,2021-08-21,Virginia,64.28
13625,2021-08-22,Virginia,64.39
13626,2021-01-12,Washington,2.13
13627,2021-01-13,Washington,2.23
13628,2021-01-14,Washington,2.46
13629,2021-01-15,Washington,2.64
13630,2021-01-16,Washington,2.64
13631,2021-01-17,Washington,2.64
13632,2021-01-18,Washington,2.64
13633,2021-01-19,Washington,3.49
13634,2021-01-20,Washington,3.76
13635,2021-01-21,Washington,4.03
13636,2021-01-22,Washington,4.34
13637,2021-01-23,Washington,4.72
13638,2021-01-24,Washington,4.86
13639,2021-01-25,Washington,5.31
13640,2021-01-26,Washington,5.53
13641,2021-01-27,Washington,5.8
13642,2021-01-28,Washington,6.15
13643,2021-01-29,Washington,6.51
13644,2021-01-30,Washington,6.89
13645,2021-01-31,Washington,7.29
13646,2021-02-01,Washington,7.65
13647,2021-02-02,Washington,7.87
13648,2021-02-03,Washington,8.09
13649,2021-02-04,Washington,8.38
13650,2021-02-05,Washington,8.65
13651,2021-02-06,Washington,8.99
13652,2021-02-07,Washington,9.31
13653,2021-02-08,Washington,9.61
13654,2021-02-09,Washington,9.72
13655,2021-02-10,Washington,10.25
13656,2021-02-11,Washington,10.47
13657,2021-02-12,Washington,10.76
13658,2021-02-13,Washington,11.09
13659,2021-02-14,Washington,11.44
13660,2021-02-15,Washington,11.44
13661,2021-02-16,Washington,11.69
13662,2021-02-17,Washington,11.8
13663,2021-02-18,Washington,12.0
13664,2021-02-19,Washington,12.9
13665,2021-02-20,Washington,13.16
13666,2021-02-21,Washington,13.35
13667,2021-02-22,Washington,13.54
13668,2021-02-23,Washington,13.61
13669,2021-02-24,Washington,13.73
13670,2021-02-25,Washington,13.97
13671,2021-02-26,Washington,14.2
13672,2021-02-27,Washington,14.52
13673,2021-02-28,Washington,14.9
13674,2021-03-01,Washington,15.32
13675,2021-03-02,Washington,15.58
13676,2021-03-03,Washington,15.9
13677,2021-03-04,Washington,16.33
13678,2021-03-05,Washington,16.76
13679,2021-03-06,Washington,17.35
13680,2021-03-07,Washington,17.95
13681,2021-03-08,Washington,18.53
13682,2021-03-09,Washington,18.87
13683,2021-03-10,Washington,19.3
13684,2021-03-11,Washington,19.9
13685,2021-03-12,Washington,20.43
13686,2021-03-13,Washington,20.98
13687,2021-03-14,Washington,21.51
13688,2021-03-15,Washington,22.14
13689,2021-03-16,Washington,22.52
13690,2021-03-17,Washington,22.88
13691,2021-03-18,Washington,23.33
13692,2021-03-19,Washington,23.85
13693,2021-03-20,Washington,24.41
13694,2021-03-21,Washington,25.15
13695,2021-03-22,Washington,25.85
13696,2021-03-23,Washington,26.04
13697,2021-03-24,Washington,26.38
13698,2021-03-25,Washington,26.88
13699,2021-03-26,Washington,27.54
13700,2021-03-27,Washington,28.14
13701,2021-03-28,Washington,28.74
13702,2021-03-29,Washington,29.32
13703,2021-03-30,Washington,29.55
13704,2021-03-31,Washington,29.85
13705,2021-04-01,Washington,30.33
13706,2021-04-02,Washington,30.97
13707,2021-04-03,Washington,31.64
13708,2021-04-04,Washington,32.37
13709,2021-04-05,Washington,32.96
13710,2021-04-06,Washington,33.16
13711,2021-04-07,Washington,33.61
13712,2021-04-08,Washington,34.23
13713,2021-04-09,Washington,35.02
13714,2021-04-10,Washington,35.72
13715,2021-04-11,Washington,36.46
13716,2021-04-12,Washington,37.17
13717,2021-04-13,Washington,37.58
13718,2021-04-14,Washington,38.07
13719,2021-04-15,Washington,38.59
13720,2021-04-16,Washington,39.09
13721,2021-04-17,Washington,39.7
13722,2021-04-18,Washington,40.32
13723,2021-04-19,Washington,40.86
13724,2021-04-20,Washington,41.19
13725,2021-04-21,Washington,41.68
13726,2021-04-22,Washington,42.21
13727,2021-04-23,Washington,42.86
13728,2021-04-24,Washington,43.41
13729,2021-04-25,Washington,43.97
13730,2021-04-26,Washington,44.59
13731,2021-04-27,Washington,44.88
13732,2021-04-28,Washington,45.27
13733,2021-04-29,Washington,45.8
13734,2021-04-30,Washington,46.28
13735,2021-05-01,Washington,46.82
13736,2021-05-02,Washington,47.31
13737,2021-05-03,Washington,47.66
13738,2021-05-04,Washington,47.77
13739,2021-05-05,Washington,48.02
13740,2021-05-06,Washington,48.37
13741,2021-05-07,Washington,48.74
13742,2021-05-08,Washington,49.15
13743,2021-05-09,Washington,49.54
13744,2021-05-10,Washington,49.98
13745,2021-05-11,Washington,50.3
13746,2021-05-12,Washington,50.47
13747,2021-05-13,Washington,50.75
13748,2021-05-14,Washington,51.03
13749,2021-05-15,Washington,51.4
13750,2021-05-16,Washington,51.87
13751,2021-05-17,Washington,52.16
13752,2021-05-18,Washington,52.38
13753,2021-05-19,Washington,52.66
13754,2021-05-20,Washington,53.06
13755,2021-05-21,Washington,53.48
13756,2021-05-22,Washington,54.07
13757,2021-05-23,Washington,54.48
13758,2021-05-24,Washington,54.84
13759,2021-05-25,Washington,55.05
13760,2021-05-26,Washington,55.3
13761,2021-05-27,Washington,55.61
13762,2021-05-28,Washington,55.68
13763,2021-05-29,Washington,56.26
13764,2021-05-30,Washington,56.52
13765,2021-05-31,Washington,56.52
13766,2021-06-01,Washington,56.76
13767,2021-06-02,Washington,56.93
13768,2021-06-03,Washington,57.14
13769,2021-06-04,Washington,57.33
13770,2021-06-05,Washington,57.34
13771,2021-06-06,Washington,57.77
13772,2021-06-07,Washington,58.0
13773,2021-06-08,Washington,58.12
13774,2021-06-09,Washington,58.13
13775,2021-06-10,Washington,58.27
13776,2021-06-11,Washington,58.42
13777,2021-06-12,Washington,58.65
13778,2021-06-13,Washington,58.84
13779,2021-06-14,Washington,59.06
13780,2021-06-15,Washington,59.24
13781,2021-06-16,Washington,59.24
13782,2021-06-17,Washington,59.59
13783,2021-06-18,Washington,59.74
13784,2021-06-19,Washington,59.91
13785,2021-06-20,Washington,60.04
13786,2021-06-21,Washington,60.17
13787,2021-06-22,Washington,60.17
13788,2021-06-23,Washington,60.32
13789,2021-06-24,Washington,60.45
13790,2021-06-25,Washington,60.58
13791,2021-06-26,Washington,60.72
13792,2021-06-27,Washington,60.85
13793,2021-06-28,Washington,61.01
13794,2021-06-29,Washington,61.12
13795,2021-06-30,Washington,61.25
13796,2021-07-01,Washington,61.39
13797,2021-07-02,Washington,61.5
13798,2021-07-03,Washington,61.62
13799,2021-07-04,Washington,61.78
13800,2021-07-05,Washington,61.78
13801,2021-07-06,Washington,61.84
13802,2021-07-07,Washington,61.97
13803,2021-07-08,Washington,62.08
13804,2021-07-09,Washington,62.18
13805,2021-07-10,Washington,62.27
13806,2021-07-11,Washington,62.37
13807,2021-07-12,Washington,62.45
13808,2021-07-13,Washington,62.5
13809,2021-07-14,Washington,62.56
13810,2021-07-15,Washington,62.66
13811,2021-07-16,Washington,62.74
13812,2021-07-17,Washington,62.82
13813,2021-07-18,Washington,62.9
13814,2021-07-19,Washington,62.97
13815,2021-07-20,Washington,62.96
13816,2021-07-21,Washington,63.03
13817,2021-07-22,Washington,63.13
13818,2021-07-23,Washington,63.23
13819,2021-07-24,Washington,63.33
13820,2021-07-25,Washington,63.43
13821,2021-07-26,Washington,63.51
13822,2021-07-27,Washington,63.56
13823,2021-07-28,Washington,63.63
13824,2021-07-29,Washington,63.73
13825,2021-07-30,Washington,63.87
13826,2021-07-31,Washington,63.98
13827,2021-08-01,Washington,64.1
13828,2021-08-02,Washington,64.19
13829,2021-08-03,Washington,64.25
13830,2021-08-04,Washington,64.34
13831,2021-08-05,Washington,64.47
13832,2021-08-06,Washington,64.61
13833,2021-08-07,Washington,64.74
13834,2021-08-08,Washington,64.87
13835,2021-08-09,Washington,64.98
13836,2021-08-10,Washington,65.05
13837,2021-08-11,Washington,65.07
13838,2021-08-12,Washington,65.27
13839,2021-08-13,Washington,65.43
13840,2021-08-14,Washington,65.56
13841,2021-08-15,Washington,65.72
13842,2021-08-16,Washington,65.83
13843,2021-08-17,Washington,65.9
13844,2021-08-18,Washington,66.01
13845,2021-08-19,Washington,66.15
13846,2021-08-20,Washington,66.3
13847,2021-08-21,Washington,66.45
13848,2021-08-22,Washington,66.62
